               epoch,      train/box_loss,      train/obj_loss,      train/cls_loss,   metrics/precision,      metrics/recall,     metrics/mAP_0.5,metrics/mAP_0.5:0.95,        val/box_loss,        val/obj_loss,        val/cls_loss,               x/lr0,               x/lr1,               x/lr2
                   0,            0.072466,            0.045172,            0.014752,              0.7352,             0.40086,             0.42877,             0.19633,            0.053434,            0.050708,            0.007511,             0.07016,           0.0033155,           0.0033155
                   1,            0.055884,            0.031979,           0.0062322,             0.53588,              0.6385,             0.61835,             0.31056,            0.046622,            0.046154,           0.0050802,            0.040095,            0.006583,            0.006583
                   2,             0.05119,            0.030335,           0.0045997,             0.78663,             0.67735,             0.76241,             0.39282,            0.043752,            0.044335,           0.0036884,           0.0099628,           0.0097845,           0.0097845
                   3,            0.044904,            0.029218,           0.0036088,             0.86478,             0.72208,             0.80816,             0.43376,            0.035978,            0.042352,           0.0031525,            0.009703,            0.009703,            0.009703
                   4,            0.040262,            0.027834,              0.0028,             0.84805,             0.75506,             0.83121,             0.47688,            0.034062,            0.042428,           0.0028147,            0.009703,            0.009703,            0.009703
                   5,            0.038106,            0.026929,           0.0025925,             0.83446,             0.77529,             0.83588,             0.48479,            0.033286,            0.040277,           0.0025573,            0.009604,            0.009604,            0.009604
                   6,            0.036371,            0.026349,           0.0022233,             0.85034,             0.79987,             0.86242,             0.50488,            0.032187,            0.040155,           0.0022878,            0.009505,            0.009505,            0.009505
                   7,            0.034827,            0.025398,           0.0020331,             0.89448,             0.79959,             0.87659,             0.53544,            0.030138,            0.038417,           0.0021061,            0.009406,            0.009406,            0.009406
                   8,            0.034161,            0.025704,           0.0019402,             0.89995,             0.79541,              0.8713,             0.54257,            0.029381,             0.03736,           0.0020575,            0.009307,            0.009307,            0.009307
                   9,            0.033003,            0.024645,           0.0018368,             0.89962,             0.82144,             0.89174,             0.55287,            0.028398,            0.036813,           0.0018836,            0.009208,            0.009208,            0.009208
                  10,             0.03198,            0.024117,           0.0016966,             0.89457,             0.82444,             0.88678,              0.5593,            0.028462,            0.037236,           0.0017894,            0.009109,            0.009109,            0.009109
                  11,            0.030999,             0.02345,           0.0016017,             0.90042,             0.81781,             0.89622,             0.57244,            0.027811,             0.03643,           0.0017366,             0.00901,             0.00901,             0.00901
                  12,            0.030594,             0.02324,           0.0015223,             0.91007,             0.84178,             0.90459,             0.58628,            0.026997,            0.035501,           0.0016753,            0.008911,            0.008911,            0.008911
                  13,            0.029803,             0.02282,           0.0014174,             0.91375,             0.83238,             0.90618,             0.58752,            0.026837,            0.034923,           0.0016125,            0.008812,            0.008812,            0.008812
                  14,            0.029499,            0.022635,           0.0013726,             0.90578,             0.83369,             0.90058,             0.57979,            0.026503,            0.034711,           0.0016683,            0.008713,            0.008713,            0.008713
                  15,            0.028756,              0.0225,           0.0012811,             0.92247,             0.83415,             0.89466,             0.58802,            0.026431,            0.034777,           0.0016523,            0.008614,            0.008614,            0.008614
                  16,            0.028538,            0.021927,           0.0012766,             0.91827,             0.82419,             0.90302,             0.59732,            0.026213,            0.034318,           0.0015737,            0.008515,            0.008515,            0.008515
                  17,            0.028341,            0.021805,           0.0012372,              0.9282,             0.84545,             0.90768,             0.60123,            0.025869,            0.034221,           0.0014851,            0.008416,            0.008416,            0.008416
                  18,            0.027898,            0.021885,           0.0012588,             0.90458,             0.84398,             0.90474,             0.60631,            0.025467,            0.034134,           0.0015026,            0.008317,            0.008317,            0.008317
                  19,            0.027422,            0.021465,            0.001166,             0.92774,             0.85346,             0.91804,             0.62089,            0.025087,            0.033371,            0.001452,            0.008218,            0.008218,            0.008218
                  20,              0.0272,            0.020905,           0.0011329,             0.93116,             0.83741,               0.914,             0.61788,            0.024773,            0.032945,            0.001421,            0.008119,            0.008119,            0.008119
                  21,            0.026973,            0.020732,           0.0011374,             0.92301,             0.85169,             0.91245,             0.62257,            0.024998,            0.032914,            0.001487,             0.00802,             0.00802,             0.00802
                  22,            0.026511,            0.020795,           0.0010443,             0.93416,             0.84404,             0.91519,              0.6344,            0.024481,            0.032588,           0.0014564,            0.007921,            0.007921,            0.007921
                  23,            0.026084,            0.020054,           0.0010714,             0.92961,             0.85562,             0.91824,             0.62904,            0.024427,            0.032477,           0.0014007,            0.007822,            0.007822,            0.007822
                  24,            0.025969,            0.019893,           0.0010069,             0.93353,             0.85809,             0.91763,             0.62976,            0.024449,            0.032705,           0.0014383,            0.007723,            0.007723,            0.007723
                  25,            0.025589,             0.01974,           0.0010262,             0.93998,             0.85622,             0.92127,             0.64207,            0.023805,            0.032093,           0.0013744,            0.007624,            0.007624,            0.007624
                  26,            0.025305,            0.019913,          0.00098196,             0.93644,             0.85928,             0.92069,             0.64226,             0.02405,            0.032051,           0.0014691,            0.007525,            0.007525,            0.007525
                  27,            0.025362,              0.0195,           0.0009853,              0.9344,             0.86315,             0.92129,             0.64683,            0.023718,            0.031758,           0.0013756,            0.007426,            0.007426,            0.007426
                  28,            0.024985,            0.019258,          0.00094276,             0.93849,              0.8626,              0.9247,             0.64338,            0.023794,            0.032122,           0.0013524,            0.007327,            0.007327,            0.007327
                  29,            0.024862,            0.019305,          0.00097515,             0.93768,             0.86775,             0.92363,             0.64948,            0.023397,            0.031506,           0.0012386,            0.007228,            0.007228,            0.007228
                  30,            0.024808,            0.019346,          0.00092012,             0.93185,             0.87113,             0.92193,             0.64948,             0.02339,            0.031093,           0.0013317,            0.007129,            0.007129,            0.007129
                  31,            0.024451,            0.019057,          0.00088749,              0.9423,             0.86571,             0.92216,             0.64997,            0.023446,            0.031315,           0.0013001,             0.00703,             0.00703,             0.00703
                  32,            0.024409,             0.01887,          0.00091904,             0.93573,             0.87549,             0.92545,             0.65646,            0.023109,             0.03132,           0.0012846,            0.006931,            0.006931,            0.006931
                  33,            0.024128,            0.018756,          0.00087585,             0.93801,             0.87096,             0.92609,             0.65746,            0.023157,            0.031219,           0.0013153,            0.006832,            0.006832,            0.006832
                  34,            0.023819,            0.018545,          0.00088734,             0.94149,             0.86576,             0.92777,             0.66166,            0.022952,               0.031,            0.001331,            0.006733,            0.006733,            0.006733
                  35,            0.023858,            0.018625,          0.00091148,             0.93442,             0.87526,             0.92692,             0.65729,            0.022808,            0.031076,           0.0012011,            0.006634,            0.006634,            0.006634
                  36,            0.023562,            0.018443,          0.00084431,             0.93667,             0.87097,              0.9304,             0.66469,            0.022684,            0.030578,           0.0012413,            0.006535,            0.006535,            0.006535
                  37,            0.023373,            0.018075,          0.00083988,             0.92519,             0.88071,             0.92642,             0.66272,            0.022657,            0.030658,            0.001257,            0.006436,            0.006436,            0.006436
                  38,            0.023139,            0.017953,           0.0008217,             0.93704,             0.87422,             0.92735,             0.66756,            0.022594,            0.030747,           0.0012871,            0.006337,            0.006337,            0.006337
                  39,            0.023135,             0.01786,          0.00081384,             0.93239,             0.88136,             0.92357,             0.66631,            0.022365,            0.030639,           0.0012729,            0.006238,            0.006238,            0.006238
                  40,            0.022868,            0.017736,          0.00078279,             0.94044,              0.8756,             0.92842,             0.66697,            0.022399,            0.030591,           0.0012611,            0.006139,            0.006139,            0.006139
                  41,            0.022802,            0.017756,          0.00082222,             0.93407,             0.88493,             0.93099,             0.67356,            0.022273,            0.030373,           0.0013157,             0.00604,             0.00604,             0.00604
                  42,            0.022543,            0.017324,          0.00077238,             0.93333,             0.88708,             0.92818,             0.66883,            0.022164,            0.030188,           0.0012563,            0.005941,            0.005941,            0.005941
                  43,            0.022447,            0.017397,          0.00075041,             0.94152,             0.87802,             0.92951,             0.67384,            0.021959,            0.030126,           0.0012563,            0.005842,            0.005842,            0.005842
                  44,            0.022366,            0.017393,          0.00076953,             0.94003,             0.87847,             0.93216,              0.6759,            0.021926,            0.029903,           0.0012543,            0.005743,            0.005743,            0.005743
                  45,            0.022319,            0.017171,          0.00077909,             0.94367,             0.88054,             0.93007,             0.67422,            0.021927,            0.029779,           0.0012424,            0.005644,            0.005644,            0.005644
                  46,            0.022104,            0.017146,           0.0007506,             0.94753,             0.87993,             0.93386,             0.67814,            0.021968,            0.029668,           0.0011936,            0.005545,            0.005545,            0.005545
                  47,            0.021798,            0.016931,          0.00077412,             0.94492,             0.87551,             0.92812,             0.67894,            0.021773,            0.029792,           0.0012814,            0.005446,            0.005446,            0.005446
                  48,            0.021613,            0.016708,          0.00075744,             0.94106,             0.87322,             0.92873,             0.68409,            0.021584,            0.029493,           0.0012163,            0.005347,            0.005347,            0.005347
                  49,             0.02159,            0.016642,          0.00073699,             0.94647,             0.87947,             0.93212,             0.68321,            0.021552,            0.029612,           0.0012038,            0.005248,            0.005248,            0.005248
                  50,            0.021599,            0.016615,          0.00073138,             0.93938,             0.88137,             0.93474,             0.67994,            0.021608,            0.029373,           0.0011632,            0.005149,            0.005149,            0.005149
                  51,             0.02146,            0.016661,          0.00070118,             0.93976,             0.88332,             0.93471,             0.68177,            0.021361,            0.029314,           0.0011271,             0.00505,             0.00505,             0.00505
                  52,            0.021291,            0.016599,          0.00067951,             0.93889,             0.88799,             0.93403,             0.68862,            0.021347,            0.029497,           0.0011341,            0.004951,            0.004951,            0.004951
                  53,            0.021108,             0.01628,          0.00068373,             0.94503,             0.87637,              0.9339,             0.68665,            0.021327,            0.029279,           0.0011808,            0.004852,            0.004852,            0.004852
                  54,             0.02093,            0.016255,          0.00066143,             0.94549,             0.88639,             0.93436,             0.68969,            0.021219,            0.029198,           0.0011863,            0.004753,            0.004753,            0.004753
                  55,            0.020887,            0.016087,          0.00071864,             0.93726,             0.88826,             0.93528,              0.6897,             0.02126,            0.029197,           0.0011473,            0.004654,            0.004654,            0.004654
                  56,            0.020646,            0.015852,          0.00064771,             0.94774,             0.87629,             0.93351,             0.69234,            0.021049,            0.028969,           0.0011431,            0.004555,            0.004555,            0.004555
                  57,            0.020582,            0.015827,          0.00071845,             0.94292,             0.88047,              0.9337,             0.69149,             0.02097,            0.028854,           0.0011265,            0.004456,            0.004456,            0.004456
                  58,            0.020424,            0.015773,          0.00061014,             0.93488,             0.88939,             0.93455,             0.69058,            0.020994,            0.028724,           0.0011849,            0.004357,            0.004357,            0.004357
                  59,            0.020293,             0.01573,          0.00065865,             0.94233,             0.88485,             0.93515,             0.68893,            0.020996,            0.028917,           0.0011426,            0.004258,            0.004258,            0.004258
                  60,            0.020168,            0.015655,           0.0006731,             0.94703,             0.87737,             0.93447,             0.69661,            0.020826,            0.028802,           0.0011531,            0.004159,            0.004159,            0.004159
                  61,            0.020126,            0.015654,          0.00063958,              0.9433,             0.87859,             0.93169,             0.69646,            0.020725,            0.028902,           0.0011448,             0.00406,             0.00406,             0.00406
                  62,            0.019827,            0.015272,          0.00059077,             0.94906,             0.88451,             0.93474,             0.69785,            0.020766,            0.028646,           0.0010692,            0.003961,            0.003961,            0.003961
                  63,            0.019677,            0.015123,          0.00059042,             0.95609,             0.87737,             0.93493,             0.69732,            0.020711,            0.028725,           0.0010976,            0.003862,            0.003862,            0.003862
                  64,            0.019775,             0.01522,           0.0006063,             0.94294,              0.8901,             0.93662,             0.69735,            0.020635,            0.028533,           0.0011419,            0.003763,            0.003763,            0.003763
                  65,            0.019458,            0.015075,          0.00060953,              0.9384,              0.8849,             0.93469,             0.69791,            0.020619,            0.028835,           0.0011407,            0.003664,            0.003664,            0.003664
                  66,            0.019413,            0.014839,          0.00062286,             0.93891,             0.88769,             0.93556,             0.69966,            0.020585,            0.029105,           0.0011211,            0.003565,            0.003565,            0.003565
                  67,            0.019418,            0.014861,          0.00060828,             0.94172,             0.88813,             0.93337,             0.69984,            0.020538,            0.028935,           0.0011429,            0.003466,            0.003466,            0.003466
                  68,            0.019421,            0.014898,          0.00060635,             0.94717,             0.88633,             0.93446,             0.70194,            0.020431,             0.02847,           0.0011116,            0.003367,            0.003367,            0.003367
                  69,            0.019236,            0.014766,          0.00059212,             0.95593,             0.88144,             0.93417,             0.70496,            0.020482,            0.028589,           0.0010828,            0.003268,            0.003268,            0.003268
                  70,            0.019244,            0.014908,          0.00059098,              0.9385,             0.89206,             0.93464,             0.70257,            0.020447,            0.028762,           0.0010918,            0.003169,            0.003169,            0.003169
                  71,            0.018953,            0.014633,          0.00055438,             0.94265,             0.89044,             0.93326,             0.70289,             0.02037,            0.028575,           0.0010967,             0.00307,             0.00307,             0.00307
                  72,            0.018794,            0.014313,          0.00054556,             0.93747,             0.89137,             0.93451,             0.70315,            0.020343,             0.02849,           0.0010903,            0.002971,            0.002971,            0.002971
                  73,            0.018819,             0.01439,          0.00057866,             0.94764,             0.88479,             0.93246,             0.70344,            0.020284,            0.028576,             0.00107,            0.002872,            0.002872,            0.002872
                  74,             0.01853,            0.014031,          0.00056333,             0.94495,             0.89214,             0.93423,             0.70563,            0.020272,            0.028599,           0.0010318,            0.002773,            0.002773,            0.002773
                  75,            0.018531,            0.014321,          0.00054884,             0.95141,             0.88322,             0.93566,             0.70596,            0.020257,            0.028493,           0.0010903,            0.002674,            0.002674,            0.002674
                  76,            0.018437,             0.01404,          0.00054366,             0.95108,             0.88472,             0.93708,             0.70806,            0.020167,            0.028521,           0.0010479,            0.002575,            0.002575,            0.002575
                  77,            0.018391,            0.013997,           0.0005526,             0.95544,             0.88463,              0.9381,             0.70921,            0.020122,            0.028617,           0.0010449,            0.002476,            0.002476,            0.002476
                  78,            0.018114,            0.013837,          0.00054613,             0.95418,             0.88413,             0.94011,             0.71126,            0.020091,            0.028579,           0.0010286,            0.002377,            0.002377,            0.002377
                  79,            0.018005,             0.01369,          0.00051075,             0.94789,             0.88683,             0.93592,             0.70735,            0.020021,            0.028533,           0.0010339,            0.002278,            0.002278,            0.002278
                  80,            0.018023,            0.013598,          0.00052773,             0.95186,             0.88742,             0.93527,             0.70966,            0.020022,            0.028571,           0.0010595,            0.002179,            0.002179,            0.002179
                  81,            0.017973,            0.013774,          0.00050751,             0.95288,             0.88379,              0.9367,             0.71138,             0.01997,            0.028457,           0.0010587,             0.00208,             0.00208,             0.00208
                  82,            0.017713,            0.013384,          0.00049873,             0.95704,             0.88522,             0.93859,             0.71253,            0.019963,            0.028566,           0.0010728,            0.001981,            0.001981,            0.001981
                  83,            0.017656,            0.013509,          0.00049986,             0.94854,              0.8904,              0.9366,             0.71275,            0.019982,            0.028697,           0.0010679,            0.001882,            0.001882,            0.001882
                  84,            0.017753,            0.013476,          0.00047742,             0.94552,             0.89232,             0.93869,             0.71229,            0.019982,            0.028732,           0.0010933,            0.001783,            0.001783,            0.001783
                  85,            0.017512,            0.013224,          0.00046317,             0.94375,              0.8924,             0.94047,             0.71412,            0.019897,            0.028688,           0.0010961,            0.001684,            0.001684,            0.001684
                  86,            0.017253,             0.01295,          0.00047572,             0.95416,             0.88734,             0.93864,             0.71381,            0.019859,            0.028525,           0.0010711,            0.001585,            0.001585,            0.001585
                  87,            0.017409,            0.013083,          0.00048893,              0.9562,             0.88838,              0.9391,             0.71566,            0.019811,            0.028647,           0.0010699,            0.001486,            0.001486,            0.001486
                  88,            0.017161,            0.012998,          0.00048595,             0.94595,             0.89261,             0.93969,             0.71731,            0.019785,             0.02864,           0.0010575,            0.001387,            0.001387,            0.001387
                  89,            0.017218,            0.012817,            0.000465,             0.94915,             0.88974,             0.94035,             0.71678,            0.019811,            0.028788,           0.0010766,            0.001288,            0.001288,            0.001288
                  90,            0.017079,            0.012723,          0.00050289,             0.94911,             0.88848,             0.93973,              0.7192,            0.019777,            0.028655,           0.0010706,            0.001189,            0.001189,            0.001189
                  91,            0.016919,            0.012665,          0.00045912,             0.95207,             0.88741,             0.93832,             0.71943,            0.019742,            0.028638,           0.0010732,             0.00109,             0.00109,             0.00109
                  92,            0.016851,            0.012692,          0.00046228,             0.95176,             0.88854,             0.93803,             0.72148,            0.019709,            0.028747,           0.0010853,            0.000991,            0.000991,            0.000991
                  93,            0.016712,            0.012651,          0.00043115,              0.9549,             0.88633,             0.93636,              0.7201,            0.019703,            0.028755,           0.0010963,            0.000892,            0.000892,            0.000892
                  94,            0.016833,            0.012335,          0.00043442,             0.94956,             0.88726,              0.9379,             0.72008,            0.019676,            0.028815,           0.0010741,            0.000793,            0.000793,            0.000793
                  95,            0.016619,            0.012378,          0.00047206,             0.95043,             0.88838,             0.93848,             0.72083,            0.019658,            0.028852,           0.0010711,            0.000694,            0.000694,            0.000694
                  96,            0.016524,            0.012201,          0.00041892,             0.93963,              0.8955,             0.93955,             0.72173,            0.019647,            0.028876,            0.001068,            0.000595,            0.000595,            0.000595
                  97,            0.016607,            0.012154,          0.00043893,             0.94918,             0.89078,             0.93985,             0.72177,            0.019649,            0.028958,           0.0010729,            0.000496,            0.000496,            0.000496
                  98,            0.016398,            0.012311,          0.00045074,             0.94763,             0.89156,             0.94021,             0.72231,            0.019617,            0.028969,           0.0010714,            0.000397,            0.000397,            0.000397
                  99,            0.016412,            0.012162,          0.00048547,             0.95344,             0.89193,             0.94279,             0.72245,            0.019608,            0.028997,           0.0010599,            0.000298,            0.000298,            0.000298
